Название,цена,ссылка
Подвесной светильник Ферум Orange,4990руб.,https://divan.ru/category/svet
Светильник потолочный Ринга Black,3990руб.,https://divan.ru/category/svet
Торшер Бьйорк White,11 990руб.,https://divan.ru/category/svet
Подвесной светильник Тубули-5 Wood,12 990руб.,https://divan.ru/category/svet
Бра Смастен White,4990руб.,https://divan.ru/category/svet
Настольная лампа Арвика Wood,5990руб.,https://divan.ru/category/svet
Подвесной светильник Инлада Wood,9990руб.,https://divan.ru/category/svet
Подвесной светильник Намсен Black,10 990руб.,https://divan.ru/category/svet
Торшер Алней-2 White,6990руб.,https://divan.ru/category/svet
Люстра Ливсден Brown,18 990руб.,https://divan.ru/category/svet
Подвесной светильник Гронтри-1 Wood,13 990руб.,https://divan.ru/category/svet
Бра Бракетт White,4990руб.,https://divan.ru/category/svet
Подвесной светильник Отра Wood,16 990руб.,https://divan.ru/category/svet
Торшер Алней-2 Black,6990руб.,https://divan.ru/category/svet
Светильник потолочный Орхус White,16 990руб.,https://divan.ru/category/svet
Подвесной светильник Рена Green,4990руб.,https://divan.ru/category/svet
Светильник потолочный Ринга White,3990руб.,https://divan.ru/category/svet
Настольная лампа Логмар Black,6990руб.,https://divan.ru/category/svet
Бра Берит Black,5990руб.,https://divan.ru/category/svet
Подвесной светильник Кронор Black,7990руб.,https://divan.ru/category/svet
Настольная лампа Бьйорк White,3990руб.,https://divan.ru/category/svet
Подвесной светильник Селау-2 Glass,3990руб.,https://divan.ru/category/svet
Торшер Алней-2 Green,6990руб.,https://divan.ru/category/svet
Подвесной светильник Джамби Rattan,13 990руб.,https://divan.ru/category/svet
Бра Пинна Black,6990руб.,https://divan.ru/category/svet
Подвесной светильник Бьйорк White,7990руб.,https://divan.ru/category/svet
Торшер Осло Blue,17 990руб.,https://divan.ru/category/svet
Настольная лампа Чэд Black,3990руб.,https://divan.ru/category/svet
Бра Бьйорк White,2990руб.,https://divan.ru/category/svet
Подвесной светильник Арвика Wood,7990руб.,https://divan.ru/category/svet
Подвесной светильник Бенфлит Black,6990руб.,https://divan.ru/category/svet
Светильник потолочный Орхус Black,16 990руб.,https://divan.ru/category/svet
Торшер Алней-2 Orange,6990руб.,https://divan.ru/category/svet
Настольная лампа Требен Orange,3290руб.,https://divan.ru/category/svet
Подвесной светильник Ливсден Brown,4990руб.,https://divan.ru/category/svet
Настольная лампа Филикс Black,3990руб.,https://divan.ru/category/svet
Подвесной светильник Бейла Black,5990руб.,https://divan.ru/category/svet
Светильник потолочный Лаго White,11 990руб.,https://divan.ru/category/svet
Подвесной светильник Чинкве Silver,5990руб.,https://divan.ru/category/svet
Торшер Энкель Black,5990руб.,https://divan.ru/category/svet
Люстра Малинг Multi,17 990руб.,https://divan.ru/category/svet
Подвесной светильник Джамби-1 Rattan,9990руб.,https://divan.ru/category/svet
Подвесной светильник Селау-1 Glass,4990руб.,https://divan.ru/category/svet
Подвесной светильник Ферум Black,3990руб.,https://divan.ru/category/svet
Бра Смастен Black,4990руб.,https://divan.ru/category/svet
Подвесной светильник Кронор White,7990руб.,https://divan.ru/category/svet
Подвесной светильник Тубули Wood,2990руб.,https://divan.ru/category/svet
Подвесной светильник Ферум Grey,3990руб.,https://divan.ru/category/svet
